seen_date,site,price_related,title,description,url,news_source,seen_at
2026-05-30,www.finn.no,0,FINN torget pusser opp... ENDELIG!,,https://www.finn.no/bedriftskunde/aktuelt/finn-torget/finn-torget-pusser-opp-endelig,,2026-05-30T16:00:18.206052+00:00
2026-05-30,www.finn.no,1,Oppgradering av annonsepakker og priser på FINN motor fra 1. juni,,https://www.finn.no/bedriftskunde/aktuelt/finn-motor/annonsepakker-og-priser-fra-1-juni-2026,,2026-05-30T16:00:18.307424+00:00
2026-05-30,www.finn.no,0,Selg bil smartere på FINN med Vend Dealer Hub,,https://www.finn.no/bedriftskunde/aktuelt/finn-motor/mot-dealer-hub-bil,,2026-05-30T16:00:18.382338+00:00
2026-05-30,www.finn.no,0,Selg smartere på FINN med Vend Dealer Hub,,https://www.finn.no/bedriftskunde/aktuelt/finn-motor/mot-dealer-hub-subverticals,,2026-05-30T16:00:18.458787+00:00
2026-05-30,www.finn.no,1,Annonsepakker og priser for bil,,https://www.finn.no/bedriftskunde/aktuelt/finn-motor/prismodell-bilannonser,,2026-05-30T16:00:18.528335+00:00
2026-05-30,www.finn.no,0,Månedsrapport: Innsikt fra FINN jobb,,https://www.finn.no/bedriftskunde/aktuelt/finn-jobb/innsikt-jobb,,2026-05-30T16:00:18.611943+00:00
2026-05-30,www.finn.no,0,Størst og finest butikk med Stor pakke,,https://www.finn.no/bedriftskunde/aktuelt/finn-eiendom/aktiv-voss,,2026-05-30T16:00:18.676708+00:00
2026-05-30,www.finn.no,0,Her er de nominerte til Årets bruktbil,,https://www.finn.no/bedriftskunde/aktuelt/finn-motor/nominerte-arets-bruktbil-2026,,2026-05-30T16:00:18.737007+00:00
2026-05-30,www.finn.no,0,I kulissene: produktutvikling på FINN eiendom,,https://www.finn.no/bedriftskunde/aktuelt/finn-eiendom/kulisser-eiendom,,2026-05-30T16:00:18.811538+00:00
2026-05-30,www.finn.no,1,Priser og rabattstruktur for 2026,,https://www.finn.no/bedriftskunde/aktuelt/finn-eiendom/priser-rabattstruktur-2026,,2026-05-30T16:00:19.384515+00:00
2026-05-30,www.finn.no,1,Nå lanserer vi Pristips på FINN eiendom!,,https://www.finn.no/bedriftskunde/aktuelt/finn-eiendom/lanserer-pristips,,2026-05-30T16:00:19.450547+00:00
2026-05-30,www.finn.no,0,Eiendomsundersøkelsen 2025,,https://www.finn.no/bedriftskunde/aktuelt/finn-eiendom/eiendomsundersokelsen-2025,,2026-05-30T16:00:19.515697+00:00
2026-05-30,www.finn.no,0,– Utenkelig å ha noe annet enn det aller beste,,https://www.finn.no/bedriftskunde/aktuelt/finn-eiendom/tinholt,,2026-05-30T16:00:20.727664+00:00
2026-05-30,www.finn.no,1,FINN eiendom innfører verdibasert prising på boligannonser,,https://www.finn.no/bedriftskunde/aktuelt/finn-eiendom/finn-eiendom-innforer-verdibasert-prising-pa-boligannonser,,2026-05-30T16:00:20.794783+00:00
2026-05-30,www.finn.no,0,FINN har Norges mest fornøyde kunder!,,https://www.finn.no/bedriftskunde/aktuelt/finn-eiendom/finn-fornoyde-kunder,,2026-05-30T16:00:20.863408+00:00
2026-05-30,www.finn.no,0,Beste april på FINN eiendom noensinne,,https://www.finn.no/bedriftskunde/aktuelt/finn-eiendom/beste-april-2024,,2026-05-30T16:00:20.925920+00:00
2026-05-30,www.finn.no,0,FINN lanserer Årets bruktbil og Mestselgende forhandler av Årets bruktbil,,https://www.finn.no/bedriftskunde/aktuelt/finn-motor/lanserer-arets-bruktbil,,2026-05-30T16:00:21.219584+00:00
2026-05-30,www.finn.no,0,Tre trender som vil påvirke bilbransjen,,https://www.finn.no/bedriftskunde/aktuelt/finn-motor/tre-trender-som-vil-pavirke-bilbransjen,,2026-05-30T16:00:25.725435+00:00
2026-05-30,www.finn.no,0,Q2 2024: Internasjonale markedsnotater,,https://www.finn.no/bedriftskunde/aktuelt/finn-motor/q2-2024-internasjonale-markedsnotater,,2026-05-30T16:00:26.829507+00:00
2026-05-30,www.finn.no,0,I kulissene hos FINN jobb: produktnyheter,,https://www.finn.no/bedriftskunde/aktuelt/finn-jobb/i-kulissene,,2026-05-30T16:00:29.242089+00:00
2026-05-30,www.finn.no,0,Årets hodejeger 2025: – Den personlige dialogen er fremdeles rekrutteringens sterkeste kort,,https://www.finn.no/bedriftskunde/aktuelt/finn-jobb/arets-hodejeger-2025,,2026-05-30T16:00:29.300265+00:00
2026-05-30,www.finn.no,0,6 tips til å skape like muligheter i rekrutteringsprosesser,,https://www.finn.no/bedriftskunde/aktuelt/inkluderende-rekruttering/like-muligheter-6-tips,,2026-05-30T16:00:29.359449+00:00
2026-05-30,www.finn.no,0,"The Hunt 2025: KI, ansvar og uslepne diamanter",,https://www.finn.no/bedriftskunde/aktuelt/finn-jobb/the-hunt-2025,,2026-05-30T16:00:29.413177+00:00
2026-05-30,www.finn.no,0,Jobbundersøkelsen 2025 - her er funnene,,https://www.finn.no/bedriftskunde/aktuelt/finn-jobb/jobbundersokelsen-2025,,2026-05-30T16:00:29.476858+00:00
2026-05-30,www.finn.no,0,Svarene vi ikke rakk å gi under Jobbundersøkelsen,,https://www.finn.no/bedriftskunde/aktuelt/finn-jobb/faq-jobbundersokelsen-25,,2026-05-30T16:00:29.553892+00:00
2026-05-30,www.finn.no,0,Fem AI-drevne løsninger på FINN jobb,,https://www.finn.no/bedriftskunde/aktuelt/finn-jobb/ai-losninger,,2026-05-30T16:00:29.611920+00:00
2026-05-30,www.finn.no,0,Slik kan du bruke AI for inkluderende rekruttering,,https://www.finn.no/bedriftskunde/aktuelt/finn-jobb/ai-for-inkluderende-rekruttering,,2026-05-30T16:00:29.703227+00:00
2026-05-30,www.blocket.se,0,Se webbinarier,,https://www.blocket.se/for-foretag/fordon/fordon-webbinarium,,2026-05-30T20:02:38.755192+00:00
2026-05-30,www.blocket.se,0,Blockets bilrapport,,https://www.blocket.se/for-foretag/fordon/bilrapport,,2026-05-30T20:02:38.841376+00:00
2026-05-30,www.blocket.se,0,Månadsrapporter,,https://www.blocket.se/for-foretag/fordon/manadsrapporter,,2026-05-30T20:02:38.918876+00:00
2026-05-30,www.blocket.se,0,Annonspaket för alla bilannonser på Blocket,,https://www.blocket.se/for-foretag/fordon/annonspaket,,2026-05-30T20:02:38.989738+00:00
2026-05-30,www.blocket.se,0,Pole Position,,https://www.blocket.se/for-foretag/fordon/pole-position,,2026-05-30T20:02:39.060857+00:00
2026-05-30,www.blocket.se,0,Dags för blixtsnabb annonsering,,https://www.blocket.se/for-foretag/fordon/autoannonsering,,2026-05-30T20:02:39.128915+00:00
2026-05-30,www.blocket.se,0,Så fick bilhandlare fart på stillastående lager,,https://www.blocket.se/for-foretag/fordon/pole-position-satte-fart-pa-stillastaende-lager,,2026-05-30T20:02:39.185894+00:00
2026-05-30,www.blocket.se,1,Priser för fordonshandlare,,https://www.blocket.se/for-foretag/fordon/priser,,2026-05-30T20:02:39.246720+00:00
2026-06-04,www.finn.no,0,Slik skaper FINN verdi i meglerhverdagen,,https://www.finn.no/bedriftskunde/aktuelt/finn-eiendom/nye-verktoy-boligmarkedet,,2026-06-04T04:00:53.493710+00:00
2026-06-23,www.finn.no,0,FINN Admin går av med pensjon,,https://www.finn.no/bedriftskunde/aktuelt/finn-eiendom/admin-pensjon,,2026-06-23T04:00:50.182593+00:00
2026-07-01,www.finn.no,0,Skill deg ut i mengden,,https://www.finn.no/bedriftskunde/aktuelt/finn-eiendom/skill-deg-ut-ekspertkunnskap,,2026-07-01T16:00:11.642058+00:00
2026-08-03,www.finn.no,0,Vi jobber med noe vi tror du kommer til å like...,,https://www.finn.no/bedriftskunde/aktuelt/finn-torget/vi-jobber-med-noe,,2026-08-03T10:00:11.514971+00:00
2026-08-20,www.finn.no,0,5 tegn på at du er klar for Store Hub Connect,,https://www.finn.no/bedriftskunde/aktuelt/finn-torget/5-tegn-pa-at-du-er-klar-for-store-hub-connect,,2026-08-20T16:00:12.252017+00:00
2026-08-20,www.finn.no,0,Vi lanserer Vend Store Hub og nye abonnementspakker,,https://www.finn.no/bedriftskunde/aktuelt/finn-torget/vi-lanserer-vend-store-hub-og-nye-abonnementspakker,,2026-08-20T16:00:12.468492+00:00
2026-09-08,www.finn.no,1,"Pakker, priser og rabattstruktur for 2027",,https://www.finn.no/bedriftskunde/aktuelt/finn-eiendom/pakker-priser-rabatt-2027,,2026-09-08T10:00:14.750841+00:00
2026-09-16,www.finn.no,0,Rekordhøyt tempo i boligmarkedet i Bergen,,https://www.finn.no/bedriftskunde/aktuelt/finn-eiendom/hoyt-tempo-bergen,,2026-09-16T04:00:50.252196+00:00
2026-10-01,www.finn.no,1,Tesla Model 3 og Rebil tok prisene i Årets bruktbil 2026!,,https://www.finn.no/bedriftskunde/aktuelt/finn-motor/arets-bruktbil-2026,,2026-10-01T10:00:35.317196+00:00
